,ID,DATA,TEL,CPF,SOLICITANTE,CD_TUSS,DS_RECEITA
0,9458,2020-04-25,1100009458,12345679458,Gustavo,40901114,Mamas
2,14824,2020-05-03,1100014824,123456714824,Pedro,40805018,Tórax - 1 Incidência
3,14824,2020-07-03,1100014824,123456714824,Pedro,40805018,Tórax - 1 Incidência
4,14824,2020-07-04,1100014824,123456714824,Pedro,40805018,Tórax - 1 Incidência
5,14824,2020-02-06,1100014824,123456714824,Pedro,40805018,Tórax - 1 Incidência
6,14824,2020-02-03,1100014824,123456714824,Pedro,40805018,Tórax - 1 Incidência
9,5827,2020-06-04,1100005827,12345675827,Paula,41101014,Crânio (Encéfalo)
10,8954,2020-09-06,1100008954,12345678954,Vinícius,40901114,Mamas
11,6637,2020-09-25,1100006637,12345676637,Tatiana,40901483,Doppler Colorido Venoso De Membro Inferior - Unilateral
13,14503,2020-08-17,1100014503,123456714503,Ana,40901300,Transvaginal (Inclui Abdome Inferior Feminino)
15,9946,2020-07-17,1100009946,12345679946,Carlos,40808041,Mamografia Digital Bilateral
18,5941,2020-04-20,1100005941,12345675941,Maria,41101014,Crânio (Encéfalo)
19,15534,2020-12-26,1100015534,123456715534,Vinícius,40901203,Órgãos Superficiais (Tireóide Ou Escroto Ou Pênis Ou Crânio)
20,9545,2020-06-09,1100009545,12345679545,Mariana,40901114,Mamas
21,9606,2020-04-19,1100009606,12345679606,Carlos,40901114,Mamas
22,3942,2020-07-19,1100003942,12345673942,José,40901122,Abdome Total (Inclui Pelve)
23,4829,2020-01-14,1100004829,12345674829,Juliana,40901220,Articular (Por Articulação)
24,7987,2020-08-27,1100007987,12345677987,Paula,40901106,Ecodopplercardiograma Transtorácico
25,4519,2020-11-08,1100004519,12345674519,Isabela,41101316,Articular (Por Articulação)
26,4084,2020-11-04,1100004084,12345674084,Pedro,40901122,Abdome Total (Inclui Pelve)
27,1799,2020-10-15,1100001799,12345671799,Isabela,41001117,Tc - Pelve Ou Bacia
28,9157,2020-10-26,1100009157,12345679157,Tatiana,40901114,Mamas
29,4451,2020-08-29,1100004451,12345674451,Cristina,41101316,Articular (Por Articulação)
30,1142,2020-05-30,1100001142,12345671142,José,40802051,Coluna Lombo-Sacra -3 Incidências
31,10641,2020-01-13,1100010641,123456710641,Maria,41101189,Pelve (Não Inclui Articulações Coxofemorais)
32,10682,2020-06-01,1100010682,123456710682,José,41101189,Pelve (Não Inclui Articulações Coxofemorais)
33,8842,2020-04-06,1100008842,12345678842,José,40901114,Mamas
35,5712,2020-05-15,1100005712,12345675712,Rafael,41101227,Coluna Cervical Ou Dorsal Ou Lombar
40,9600,2020-11-11,1100009600,12345679600,João,40901114,Mamas
41,2585,2020-03-09,1100002585,12345672585,Mariana,41101170,"Abdome Superior (Fígado, Pâncreas, Baço, Rins, Supra-Renais, Retroperitônio)"
44,6343,2020-08-02,1100006343,12345676343,Ana,40901360,Doppler Colorido De Vasos Cervicais Arteriais Bilateral (Carótidas E Vertebrais)
45,6250,2020-11-20,1100006250,12345676250,Fernando,40808130,Densitometria Óssea - 2 Segmentos (Coluna E Fêmur)
46,9366,2020-01-11,1100009366,12345679366,Carlos,40901114,Mamas
47,15245,2020-07-07,1100015245,123456715245,Mariana,40901203,Órgãos Superficiais (Tireóide Ou Escroto Ou Pênis Ou Crânio)
48,6546,2020-05-11,1100006546,12345676546,Carlos,40901360,Doppler Colorido De Vasos Cervicais Arteriais Bilateral (Carótidas E Vertebrais)
50,5685,2020-06-29,1100005685,12345675685,Mariana,41101227,Coluna Cervical Ou Dorsal Ou Lombar
51,10116,2020-07-10,1100010116,123456710116,Rodrigo,40808041,Mamografia Digital Bilateral
53,10595,2020-02-18,1100010595,123456710595,Camila,41101189,Pelve (Não Inclui Articulações Coxofemorais)
54,3355,2020-12-10,1100003355,12345673355,Camila,40901122,Abdome Total (Inclui Pelve)
55,10571,2020-03-26,1100010571,123456710571,Cristina,41101189,Pelve (Não Inclui Articulações Coxofemorais)
58,14913,2020-01-03,1100014913,123456714913,Patrícia,40805018,Tórax - 1 Incidência
59,5946,2020-11-28,1100005946,12345675946,Carlos,41101014,Crânio (Encéfalo)
60,6239,2020-10-18,1100006239,12345676239,Isabela,40808130,Densitometria Óssea - 2 Segmentos (Coluna E Fêmur)
63,4667,2020-04-19,1100004667,12345674667,Paula,41101316,Articular (Por Articulação)
65,2932,2020-05-05,1100002932,12345672932,Rafael,40901122,Abdome Total (Inclui Pelve)
66,7851,2020-03-09,1100007851,12345677851,Cristina,40901106,Ecodopplercardiograma Transtorácico
68,7497,2020-08-08,1100007497,12345677497,Tatiana,40901106,Ecodopplercardiograma Transtorácico
69,10182,2020-05-13,1100010182,123456710182,José,40808041,Mamografia Digital Bilateral
70,1495,2020-06-11,1100001495,12345671495,Camila,40804011,Bacia
73,3030,2020-07-28,1100003030,12345673030,Fernando,40901122,Abdome Total (Inclui Pelve)
77,7541,2020-02-27,1100007541,12345677541,Maria,40901106,Ecodopplercardiograma Transtorácico
79,1731,2020-08-23,1100001731,12345671731,Cristina,40803139,Mãos E Punhos Para Idade Óssea
80,3050,2020-01-30,1100003050,12345673050,Fernando,40901122,Abdome Total (Inclui Pelve)
82,13095,2020-09-10,1100013095,123456713095,Camila,41001095,"Tc Abdome Total (Abdome Superior, Pelve E Retroperitônio)"
83,10591,2020-12-28,1100010591,123456710591,Cristina,41101189,Pelve (Não Inclui Articulações Coxofemorais)
85,14103,2020-07-31,1100014103,123456714103,Ana,40901300,Transvaginal (Inclui Abdome Inferior Feminino)
86,1959,2020-03-14,1100001959,12345671959,Isabela,41101308,Pé (Antepé) - Não Inclui Tornozelo
87,3731,2020-08-27,1100003731,12345673731,Cristina,40901122,Abdome Total (Inclui Pelve)
88,4672,2020-02-05,1100004672,12345674672,Rafael,41101316,Articular (Por Articulação)
89,9098,2020-05-11,1100009098,12345679098,Gustavo,40901114,Mamas
90,13114,2020-12-05,1100013114,123456713114,Vinícius,41001095,"Tc Abdome Total (Abdome Superior, Pelve E Retroperitônio)"
91,14232,2020-04-23,1100014232,123456714232,Rafael,40901300,Transvaginal (Inclui Abdome Inferior Feminino)
92,3007,2020-03-06,1100003007,12345673007,Paula,40901122,Abdome Total (Inclui Pelve)
93,10606,2020-07-17,1100010606,123456710606,Carlos,41101189,Pelve (Não Inclui Articulações Coxofemorais)
94,4121,2020-07-20,1100004121,12345674121,Maria,41101537,Angio-Rm Arterial de Crânio
95,4770,2020-11-17,1100004770,12345674770,Fernando,40901220,Articular (Por Articulação)
96,13116,2020-03-04,1100013116,123456713116,Rodrigo,41001095,"Tc Abdome Total (Abdome Superior, Pelve E Retroperitônio)"
99,4532,2020-10-30,1100004532,12345674532,Rafael,41101316,Articular (Por Articulação)
100,14718,2020-04-16,1100014718,123456714718,Gustavo,40901300,Transvaginal (Inclui Abdome Inferior Feminino)
101,14024,2020-11-25,1100014024,123456714024,Pedro,40901300,Transvaginal (Inclui Abdome Inferior Feminino)
102,4037,2020-06-07,1100004037,12345674037,Tatiana,40901122,Abdome Total (Inclui Pelve)
103,3367,2020-10-01,1100003367,12345673367,Paula,40901122,Abdome Total (Inclui Pelve)
104,7430,2020-08-14,1100007430,12345677430,Fernando,40901106,Ecodopplercardiograma Transtorácico
105,4595,2020-10-13,1100004595,12345674595,Camila,41101316,Articular (Por Articulação)
106,1658,2020-01-22,1100001658,12345671658,Gustavo,40802035,Coluna Dorsal - 2 Incidências
107,9860,2020-12-09,1100009860,12345679860,João,40808041,Mamografia Digital Bilateral
108,3767,2020-10-31,1100003767,12345673767,Paula,40901122,Abdome Total (Inclui Pelve)
110,13215,2020-11-01,1100013215,123456713215,Camila,41001095,"Tc Abdome Total (Abdome Superior, Pelve E Retroperitônio)"
111,15573,2020-08-23,1100015573,123456715573,Patrícia,40901203,Órgãos Superficiais (Tireóide Ou Escroto Ou Pênis Ou Crânio)
112,3210,2020-05-03,1100003210,12345673210,Fernando,40901122,Abdome Total (Inclui Pelve)
113,12889,2020-09-07,1100012889,123456712889,Juliana,41001079,Tc - Tórax
114,1679,2020-05-17,1100001679,12345671679,Isabela,40802051,Coluna Lombo-Sacra -3 Incidências
115,3563,2020-04-30,1100003563,12345673563,Ana,40901122,Abdome Total (Inclui Pelve)
116,9306,2020-10-18,1100009306,12345679306,Carlos,40901114,Mamas
117,1156,2020-01-13,1100001156,12345671156,Rodrigo,40804097,Pé Ou Pododáctilo
118,2703,2020-06-23,1100002703,12345672703,Ana,40901130,"Abdome Superior (Fígado, Vias Biliares, Vesícula, Pâncreas, Baço)"
120,8974,2020-02-17,1100008974,12345678974,Vinícius,40901114,Mamas
122,14810,2020-02-13,1100014810,123456714810,Fernando,40901300,Transvaginal (Inclui Abdome Inferior Feminino)
124,15550,2020-01-14,1100015550,123456715550,Fernando,40901203,Órgãos Superficiais (Tireóide Ou Escroto Ou Pênis Ou Crânio)
125,15244,2020-07-21,1100015244,123456715244,Pedro,40901203,Órgãos Superficiais (Tireóide Ou Escroto Ou Pênis Ou Crânio)
126,6434,2020-04-27,1100006434,12345676434,Vinícius,40901360,Doppler Colorido De Vasos Cervicais Arteriais Bilateral (Carótidas E Vertebrais)
127,5606,2020-07-07,1100005606,12345675606,Carlos,41101227,Coluna Cervical Ou Dorsal Ou Lombar
128,13041,2020-04-20,1100013041,123456713041,Maria,41001095,"Tc Abdome Total (Abdome Superior, Pelve E Retroperitônio)"
130,9785,2020-08-16,1100009785,12345679785,Mariana,40808041,Mamografia Digital Bilateral
131,1307,2020-09-05,1100001307,12345671307,Paula,40804097,Pé Ou Pododáctilo
132,1363,2020-05-20,1100001363,12345671363,Ana,40804054,Joelho
133,9003,2020-12-19,1100009003,12345679003,Ana,40901114,Mamas
134,4736,2020-04-13,1100004736,12345674736,Rodrigo,40901220,Articular (Por Articulação)
135,12675,2020-10-06,1100012675,123456712675,Camila,41001079,Tc - Tórax
136,14680,2020-07-07,1100014680,123456714680,João,40901300,Transvaginal (Inclui Abdome Inferior Feminino)
137,12861,2020-05-23,1100012861,123456712861,Maria,41001079,Tc - Tórax
138,14071,2020-06-15,1100014071,123456714071,Cristina,40901300,Transvaginal (Inclui Abdome Inferior Feminino)
141,7920,2020-06-22,1100007920,12345677920,João,40901106,Ecodopplercardiograma Transtorácico
143,5435,2020-10-05,1100005435,12345675435,Camila,41101227,Coluna Cervical Ou Dorsal Ou Lombar
144,6619,2020-03-13,1100006619,12345676619,Isabela,40901483,Doppler Colorido Venoso De Membro Inferior - Unilateral
145,14184,2020-09-20,1100014184,123456714184,Pedro,40901300,Transvaginal (Inclui Abdome Inferior Feminino)
146,9401,2020-05-29,1100009401,12345679401,Maria,40901114,Mamas
147,3480,2020-12-01,1100003480,12345673480,João,40901122,Abdome Total (Inclui Pelve)
148,15414,2020-04-16,1100015414,123456715414,Vinícius,40901203,Órgãos Superficiais (Tireóide Ou Escroto Ou Pênis Ou Crânio)
150,15546,2020-07-21,1100015546,123456715546,Carlos,40901203,Órgãos Superficiais (Tireóide Ou Escroto Ou Pênis Ou Crânio)
152,6112,2020-10-19,1100006112,12345676112,Rafael,40808130,Densitometria Óssea - 2 Segmentos (Coluna E Fêmur)
154,6049,2020-10-10,1100006049,12345676049,Juliana,40808130,Densitometria Óssea - 2 Segmentos (Coluna E Fêmur)
155,2022,2020-04-24,1100002022,12345672022,José,41101480,Mama (Bilateral)
157,6767,2020-06-09,1100006767,12345676767,Paula,40901483,Doppler Colorido Venoso De Membro Inferior - Unilateral
159,15641,2020-03-30,1100015641,123456715641,Maria,40901203,Órgãos Superficiais (Tireóide Ou Escroto Ou Pênis Ou Crânio)
160,15022,2020-04-21,1100015022,123456715022,José,40805026,Tórax - 2 Incidências
161,1603,2020-12-25,1100001603,12345671603,Ana,40804097,Pé Ou Pododáctilo
162,12965,2020-10-21,1100012965,123456712965,Mariana,41001079,Tc - Tórax
163,2797,2020-05-19,1100002797,12345672797,Tatiana,40901122,Abdome Total (Inclui Pelve)
165,2183,2020-01-18,1100002183,12345672183,Ana,40901262,Obstétrica Morfológica
166,12910,2020-08-18,1100012910,123456712910,Fernando,41001079,Tc - Tórax
167,14360,2020-04-30,1100014360,123456714360,João,40901300,Transvaginal (Inclui Abdome Inferior Feminino)
169,3326,2020-04-01,1100003326,12345673326,Carlos,40901122,Abdome Total (Inclui Pelve)
170,3179,2020-06-12,1100003179,12345673179,Isabela,40901122,Abdome Total (Inclui Pelve)
171,15267,2020-01-10,1100015267,123456715267,Paula,40901203,Órgãos Superficiais (Tireóide Ou Escroto Ou Pênis Ou Crânio)
172,8870,2020-09-29,1100008870,12345678870,Fernando,40901114,Mamas
173,15627,2020-09-12,1100015627,123456715627,Paula,40901203,Órgãos Superficiais (Tireóide Ou Escroto Ou Pênis Ou Crânio)
175,3520,2020-07-03,1100003520,12345673520,João,40901122,Abdome Total (Inclui Pelve)
176,2077,2020-07-10,1100002077,12345672077,Tatiana,41101545,Angio-RM venosa de Crânio
179,14046,2020-01-08,1100014046,123456714046,Carlos,40901300,Transvaginal (Inclui Abdome Inferior Feminino)
180,7609,2020-07-28,1100007609,12345677609,Juliana,40901106,Ecodopplercardiograma Transtorácico
181,9437,2020-09-28,1100009437,12345679437,Tatiana,40901114,Mamas
183,14073,2020-11-27,1100014073,123456714073,Patrícia,40901300,Transvaginal (Inclui Abdome Inferior Feminino)
184,5598,2020-07-01,1100005598,12345675598,Gustavo,41101227,Coluna Cervical Ou Dorsal Ou Lombar
186,13100,2020-11-10,1100013100,123456713100,João,41001095,"Tc Abdome Total (Abdome Superior, Pelve E Retroperitônio)"
188,9563,2020-11-01,1100009563,12345679563,Ana,40901114,Mamas
189,12783,2020-03-08,1100012783,123456712783,Ana,41001079,Tc - Tórax
191,7448,2020-04-11,1100007448,12345677448,Lucas,40901106,Ecodopplercardiograma Transtorácico
192,4801,2020-05-17,1100004801,12345674801,Maria,40901220,Articular (Por Articulação)
193,1911,2020-09-01,1100001911,12345671911,Cristina,41001010,Tc- Crânio Ou Sela Túrsica Ou Órbitas
196,3594,2020-08-22,1100003594,12345673594,Vinícius,40901122,Abdome Total (Inclui Pelve)
197,12940,2020-10-24,1100012940,123456712940,João,41001079,Tc - Tórax
198,14972,2020-09-30,1100014972,123456714972,Rafael,40805026,Tórax - 2 Incidências
199,1414,2020-10-27,1100001414,12345671414,Vinícius,40801128,Adenóides Ou Cavum
200,14083,2020-04-27,1100014083,123456714083,Ana,40901300,Transvaginal (Inclui Abdome Inferior Feminino)
201,2224,2020-03-08,1100002224,12345672224,Pedro,40901181,"Abdome Inferior Feminino (Bexiga, Útero, Ovário E Anexos)"
202,5776,2020-03-27,1100005776,12345675776,Rodrigo,41101014,Crânio (Encéfalo)
205,5500,2020-10-06,1100005500,12345675500,João,41101227,Coluna Cervical Ou Dorsal Ou Lombar
207,6457,2020-01-18,1100006457,12345676457,Tatiana,40901360,Doppler Colorido De Vasos Cervicais Arteriais Bilateral (Carótidas E Vertebrais)
209,6435,2020-04-24,1100006435,12345676435,Camila,40901360,Doppler Colorido De Vasos Cervicais Arteriais Bilateral (Carótidas E Vertebrais)
212,3384,2020-02-14,1100003384,12345673384,Pedro,40901122,Abdome Total (Inclui Pelve)
214,9913,2020-10-04,1100009913,12345679913,Patrícia,40808041,Mamografia Digital Bilateral
215,14642,2020-02-24,1100014642,123456714642,José,40901300,Transvaginal (Inclui Abdome Inferior Feminino)
216,7568,2020-04-12,1100007568,12345677568,Lucas,40901106,Ecodopplercardiograma Transtorácico
217,7898,2020-11-27,1100007898,12345677898,Gustavo,40901106,Ecodopplercardiograma Transtorácico
218,2680,2020-08-27,1100002680,12345672680,João,40901130,"Abdome Superior (Fígado, Vias Biliares, Vesícula, Pâncreas, Baço)"
219,15152,2020-12-21,1100015152,123456715152,Rafael,40901750,US - Próstata (via abdominal)
220,10747,2020-03-10,1100010747,123456710747,Paula,41101189,Pelve (Não Inclui Articulações Coxofemorais)
222,14260,2020-08-10,1100014260,123456714260,João,40901300,Transvaginal (Inclui Abdome Inferior Feminino)
223,1278,2020-09-17,1100001278,12345671278,Gustavo,40804011,Bacia
226,14817,2020-08-24,1100014817,123456714817,Tatiana,40901300,Transvaginal (Inclui Abdome Inferior Feminino)
228,12767,2020-12-05,1100012767,123456712767,Paula,41001079,Tc - Tórax
231,9370,2020-09-12,1100009370,12345679370,Fernando,40901114,Mamas
233,5766,2020-11-14,1100005766,12345675766,Carlos,41101014,Crânio (Encéfalo)
235,4414,2020-08-13,1100004414,12345674414,Vinícius,41101316,Articular (Por Articulação)
237,4729,2020-06-28,1100004729,12345674729,Juliana,41101316,Articular (Por Articulação)
239,9137,2020-09-16,1100009137,12345679137,Tatiana,40901114,Mamas
240,3680,2020-03-01,1100003680,12345673680,João,40901122,Abdome Total (Inclui Pelve)
241,9691,2020-08-17,1100009691,12345679691,Cristina,40901114,Mamas
242,8776,2020-10-29,1100008776,12345678776,Rodrigo,40901114,Mamas
243,8074,2020-06-01,1100008074,12345678074,Vinícius,40901106,Ecodopplercardiograma Transtorácico
244,4437,2020-11-28,1100004437,12345674437,Tatiana,41101316,Articular (Por Articulação)
245,9362,2020-07-08,1100009362,12345679362,José,40901114,Mamas
247,7613,2020-03-30,1100007613,12345677613,Patrícia,40901106,Ecodopplercardiograma Transtorácico
248,9049,2020-03-04,1100009049,12345679049,Juliana,40901114,Mamas
251,5601,2020-08-30,1100005601,12345675601,Maria,41101227,Coluna Cervical Ou Dorsal Ou Lombar
254,6225,2020-11-21,1100006225,12345676225,Mariana,40808130,Densitometria Óssea - 2 Segmentos (Coluna E Fêmur)
256,1378,2020-02-11,1100001378,12345671378,Gustavo,40802019,Coluna Cervical - 3 Incidências
257,4826,2020-04-27,1100004826,12345674826,Carlos,40901220,Articular (Por Articulação)
259,9619,2020-01-04,1100009619,12345679619,Isabela,40901114,Mamas
263,6667,2020-12-18,1100006667,12345676667,Paula,40901483,Doppler Colorido Venoso De Membro Inferior - Unilateral
264,1239,2020-06-15,1100001239,12345671239,Isabela,40804011,Bacia
265,8001,2020-10-21,1100008001,12345678001,Maria,40901106,Ecodopplercardiograma Transtorácico
266,14314,2020-04-10,1100014314,123456714314,Vinícius,40901300,Transvaginal (Inclui Abdome Inferior Feminino)
267,1607,2020-08-27,1100001607,12345671607,Paula,40803139,Mãos E Punhos Para Idade Óssea
268,4773,2020-07-31,1100004773,12345674773,Patrícia,40901220,Articular (Por Articulação)
271,5514,2020-04-29,1100005514,12345675514,Vinícius,41101227,Coluna Cervical Ou Dorsal Ou Lombar
274,8029,2020-07-08,1100008029,12345678029,Juliana,40901106,Ecodopplercardiograma Transtorácico
275,4714,2020-09-05,1100004714,12345674714,Vinícius,41101316,Articular (Por Articulação)
276,4327,2020-03-13,1100004327,12345674327,Paula,40901769,"Aparelho Urinário  (Rins, Ureteres E Bexiga )"
278,9712,2020-05-20,1100009712,12345679712,Rafael,40901114,Mamas
279,14681,2020-11-10,1100014681,123456714681,Maria,40901300,Transvaginal (Inclui Abdome Inferior Feminino)
280,13937,2020-11-23,1100013937,123456713937,Tatiana,40901300,Transvaginal (Inclui Abdome Inferior Feminino)
281,10715,2020-12-22,1100010715,123456710715,Camila,41101189,Pelve (Não Inclui Articulações Coxofemorais)
282,4272,2020-07-01,1100004272,12345674272,Rafael,40901769,"Aparelho Urinário  (Rins, Ureteres E Bexiga )"
283,2101,2020-01-18,1100002101,12345672101,Maria,40901173,"Abdome Inferior Masculino (Bexiga, Próstata E Vesículas Seminais)"
285,5964,2020-06-20,1100005964,12345675964,Pedro,41101014,Crânio (Encéfalo)
286,4723,2020-12-24,1100004723,12345674723,Ana,41101316,Articular (Por Articulação)
287,12867,2020-08-23,1100012867,123456712867,Paula,41001079,Tc - Tórax
290,6255,2020-11-20,1100006255,12345676255,Camila,40808130,Densitometria Óssea - 2 Segmentos (Coluna E Fêmur)
292,6285,2020-07-15,1100006285,12345676285,Mariana,40808130,Densitometria Óssea - 2 Segmentos (Coluna E Fêmur)
293,14686,2020-03-22,1100014686,123456714686,Carlos,40901300,Transvaginal (Inclui Abdome Inferior Feminino)
295,4288,2020-04-02,1100004288,12345674288,Lucas,40901769,"Aparelho Urinário  (Rins, Ureteres E Bexiga )"
296,8169,2020-09-09,1100008169,12345678169,Juliana,40901106,Ecodopplercardiograma Transtorácico
298,4131,2020-06-05,1100004131,12345674131,Cristina,41101537,Angio-Rm Arterial de Crânio
299,7485,2020-11-16,1100007485,12345677485,Mariana,40901106,Ecodopplercardiograma Transtorácico
301,3421,2020-03-31,1100003421,12345673421,Maria,40901122,Abdome Total (Inclui Pelve)
302,9051,2020-05-06,1100009051,12345679051,Cristina,40901114,Mamas
303,10696,2020-01-31,1100010696,123456710696,Rodrigo,41101189,Pelve (Não Inclui Articulações Coxofemorais)
304,4008,2020-08-28,1100004008,12345674008,Lucas,40901122,Abdome Total (Inclui Pelve)
305,2482,2020-07-22,1100002482,12345672482,José,40901386,Doppler Colorido De Órgão Ou Estrutura Isolada
307,15242,2020-07-03,1100015242,123456715242,José,40901203,Órgãos Superficiais (Tireóide Ou Escroto Ou Pênis Ou Crânio)
308,6670,2020-03-08,1100006670,12345676670,Fernando,40901483,Doppler Colorido Venoso De Membro Inferior - Unilateral
310,7704,2020-10-28,1100007704,12345677704,Pedro,40901106,Ecodopplercardiograma Transtorácico
312,10030,2020-11-29,1100010030,123456710030,Fernando,40808041,Mamografia Digital Bilateral
313,13919,2020-03-02,1100013919,123456713919,Isabela,40901300,Transvaginal (Inclui Abdome Inferior Feminino)
314,4193,2020-08-05,1100004193,12345674193,Patrícia,41101537,Angio-Rm Arterial de Crânio
315,3824,2020-07-10,1100003824,12345673824,Pedro,40901122,Abdome Total (Inclui Pelve)
316,9409,2020-05-04,1100009409,12345679409,Juliana,40901114,Mamas
318,14693,2020-08-02,1100014693,123456714693,Patrícia,40901300,Transvaginal (Inclui Abdome Inferior Feminino)
319,8026,2020-08-14,1100008026,12345678026,Carlos,40901106,Ecodopplercardiograma Transtorácico
320,12815,2020-12-06,1100012815,123456712815,Camila,41001079,Tc - Tórax
321,5996,2020-10-24,1100005996,12345675996,Rodrigo,41101014,Crânio (Encéfalo)
322,4024,2020-11-15,1100004024,12345674024,Pedro,40901122,Abdome Total (Inclui Pelve)
323,15527,2020-01-24,1100015527,123456715527,Paula,40901203,Órgãos Superficiais (Tireóide Ou Escroto Ou Pênis Ou Crânio)
324,14432,2020-06-28,1100014432,123456714432,Rafael,40901300,Transvaginal (Inclui Abdome Inferior Feminino)
325,1300,2020-03-14,1100001300,12345671300,João,40803074,Articulação Escapuloumeral (Ombro)
328,4036,2020-04-24,1100004036,12345674036,Rodrigo,40901122,Abdome Total (Inclui Pelve)
330,3610,2020-03-23,1100003610,12345673610,Fernando,40901122,Abdome Total (Inclui Pelve)
331,3206,2020-08-10,1100003206,12345673206,Carlos,40901122,Abdome Total (Inclui Pelve)
332,14001,2020-06-30,1100014001,123456714001,Maria,40901300,Transvaginal (Inclui Abdome Inferior Feminino)
333,7859,2020-08-25,1100007859,12345677859,Isabela,40901106,Ecodopplercardiograma Transtorácico
334,10048,2020-07-10,1100010048,123456710048,Lucas,40808041,Mamografia Digital Bilateral
335,4484,2020-03-28,1100004484,12345674484,Pedro,41101316,Articular (Por Articulação)
337,14719,2020-09-03,1100014719,123456714719,Isabela,40901300,Transvaginal (Inclui Abdome Inferior Feminino)
339,9660,2020-08-14,1100009660,12345679660,João,40901114,Mamas
340,8910,2020-04-15,1100008910,12345678910,Fernando,40901114,Mamas
342,14312,2020-10-04,1100014312,123456714312,Rafael,40901300,Transvaginal (Inclui Abdome Inferior Feminino)
344,8052,2020-03-17,1100008052,12345678052,Rafael,40901106,Ecodopplercardiograma Transtorácico
346,3249,2020-11-24,1100003249,12345673249,Juliana,40901122,Abdome Total (Inclui Pelve)
347,2254,2020-07-18,1100002254,12345672254,Vinícius,40901181,"Abdome Inferior Feminino (Bexiga, Útero, Ovário E Anexos)"
348,6251,2020-06-11,1100006251,12345676251,Cristina,40808130,Densitometria Óssea - 2 Segmentos (Coluna E Fêmur)
349,8952,2020-03-12,1100008952,12345678952,Rafael,40901114,Mamas
351,2352,2020-03-03,1100002352,12345672352,Rafael,40808033,Mamografia Convencional Bilateral
352,1618,2020-02-20,1100001618,12345671618,Gustavo,40804097,Pé Ou Pododáctilo
353,13112,2020-12-29,1100013112,123456713112,Rafael,41001095,"Tc Abdome Total (Abdome Superior, Pelve E Retroperitônio)"
354,2234,2020-06-20,1100002234,12345672234,Vinícius,40901181,"Abdome Inferior Feminino (Bexiga, Útero, Ovário E Anexos)"
355,10750,2020-10-21,1100010750,123456710750,Fernando,41101189,Pelve (Não Inclui Articulações Coxofemorais)
356,2566,2020-10-20,1100002566,12345672566,Carlos,41101170,"Abdome Superior (Fígado, Pâncreas, Baço, Rins, Supra-Renais, Retroperitônio)"
357,8225,2020-08-26,1100008225,12345678225,Mariana,40901106,Ecodopplercardiograma Transtorácico
358,5842,2020-04-01,1100005842,12345675842,José,41101014,Crânio (Encéfalo)
360,1544,2020-07-30,1100001544,12345671544,Pedro,40803139,Mãos E Punhos Para Idade Óssea
363,9937,2020-06-08,1100009937,12345679937,Tatiana,40808041,Mamografia Digital Bilateral
364,15034,2020-04-25,1100015034,123456715034,Vinícius,40805026,Tórax - 2 Incidências
365,14341,2020-10-02,1100014341,123456714341,Maria,40901300,Transvaginal (Inclui Abdome Inferior Feminino)
366,3973,2020-07-17,1100003973,12345673973,Patrícia,40901122,Abdome Total (Inclui Pelve)
369,15127,2020-09-15,1100015127,123456715127,Paula,40901750,US - Próstata (via abdominal)
370,1227,2020-10-15,1100001227,12345671227,Paula,40803104,Antebraço
371,14348,2020-11-11,1100014348,123456714348,Lucas,40901300,Transvaginal (Inclui Abdome Inferior Feminino)
372,5898,2020-03-24,1100005898,12345675898,Gustavo,41101014,Crânio (Encéfalo)
373,6480,2020-09-02,1100006480,12345676480,João,40901360,Doppler Colorido De Vasos Cervicais Arteriais Bilateral (Carótidas E Vertebrais)
374,5656,2020-02-25,1100005656,12345675656,Rodrigo,41101227,Coluna Cervical Ou Dorsal Ou Lombar
375,10695,2020-08-29,1100010695,123456710695,Camila,41101189,Pelve (Não Inclui Articulações Coxofemorais)
376,7899,2020-04-20,1100007899,12345677899,Isabela,40901106,Ecodopplercardiograma Transtorácico
377,5942,2020-09-13,1100005942,12345675942,José,41101014,Crânio (Encéfalo)
378,7959,2020-05-26,1100007959,12345677959,Isabela,40901106,Ecodopplercardiograma Transtorácico
379,1775,2020-10-04,1100001775,12345671775,Camila,41001036,Tc - Face Ou Seios Da Face
381,4645,2020-12-02,1100004645,12345674645,Mariana,41101316,Articular (Por Articulação)
382,4501,2020-10-05,1100004501,12345674501,Maria,41101316,Articular (Por Articulação)
384,10144,2020-11-28,1100010144,123456710144,Pedro,40808041,Mamografia Digital Bilateral
386,9972,2020-05-01,1100009972,12345679972,Rafael,40808041,Mamografia Digital Bilateral
388,12799,2020-02-25,1100012799,123456712799,Isabela,41001079,Tc - Tórax
389,6573,2020-07-26,1100006573,12345676573,Patrícia,40901483,Doppler Colorido Venoso De Membro Inferior - Unilateral
390,7640,2020-05-29,1100007640,12345677640,João,40901106,Ecodopplercardiograma Transtorácico
392,9093,2020-03-20,1100009093,12345679093,Patrícia,40901114,Mamas
393,9595,2020-08-17,1100009595,12345679595,Camila,40901114,Mamas
394,14473,2020-12-11,1100014473,123456714473,Patrícia,40901300,Transvaginal (Inclui Abdome Inferior Feminino)
395,5658,2020-12-10,1100005658,12345675658,Gustavo,41101227,Coluna Cervical Ou Dorsal Ou Lombar
396,6703,2020-10-07,1100006703,12345676703,Ana,40901483,Doppler Colorido Venoso De Membro Inferior - Unilateral
397,7767,2020-05-22,1100007767,12345677767,Paula,40901106,Ecodopplercardiograma Transtorácico
398,1332,2020-02-09,1100001332,12345671332,Rafael,40804097,Pé Ou Pododáctilo
399,8031,2020-12-27,1100008031,12345678031,Cristina,40901106,Ecodopplercardiograma Transtorácico
400,8797,2020-03-03,1100008797,12345678797,Tatiana,40901114,Mamas
403,14177,2020-08-28,1100014177,123456714177,Tatiana,40901300,Transvaginal (Inclui Abdome Inferior Feminino)
405,5922,2020-07-08,1100005922,12345675922,José,41101014,Crânio (Encéfalo)
406,9532,2020-06-30,1100009532,12345679532,Rafael,40901114,Mamas
408,1582,2020-08-24,1100001582,12345671582,José,40802019,Coluna Cervical - 3 Incidências
409,7809,2020-05-04,1100007809,12345677809,Juliana,40901106,Ecodopplercardiograma Transtorácico
410,2805,2020-08-29,1100002805,12345672805,Mariana,40901122,Abdome Total (Inclui Pelve)
412,10062,2020-05-22,1100010062,123456710062,José,40808041,Mamografia Digital Bilateral
413,14043,2020-01-13,1100014043,123456714043,Ana,40901300,Transvaginal (Inclui Abdome Inferior Feminino)
414,14656,2020-09-05,1100014656,123456714656,Rodrigo,40901300,Transvaginal (Inclui Abdome Inferior Feminino)
415,1242,2020-06-29,1100001242,12345671242,José,40804097,Pé Ou Pododáctilo
417,8473,2020-07-26,1100008473,12345678473,Patrícia,40901211,Estruturas Superficiais (Cervical Ou Axilas Ou Músculo Ou Tendão)
418,9891,2020-07-17,1100009891,12345679891,Cristina,40808041,Mamografia Digital Bilateral
419,5526,2020-07-05,1100005526,12345675526,Carlos,41101227,Coluna Cervical Ou Dorsal Ou Lombar
420,4716,2020-12-04,1100004716,12345674716,Rodrigo,41101316,Articular (Por Articulação)
424,14674,2020-08-20,1100014674,123456714674,Vinícius,40901300,Transvaginal (Inclui Abdome Inferior Feminino)
425,6443,2020-02-27,1100006443,12345676443,Ana,40901360,Doppler Colorido De Vasos Cervicais Arteriais Bilateral (Carótidas E Vertebrais)
428,9347,2020-01-31,1100009347,12345679347,Paula,40901114,Mamas
430,3502,2020-01-16,1100003502,12345673502,José,40901122,Abdome Total (Inclui Pelve)
433,3099,2020-02-26,1100003099,12345673099,Isabela,40901122,Abdome Total (Inclui Pelve)
434,13043,2020-12-04,1100013043,123456713043,Ana,41001095,"Tc Abdome Total (Abdome Superior, Pelve E Retroperitônio)"
435,4619,2020-12-05,1100004619,12345674619,Isabela,41101316,Articular (Por Articulação)
436,7463,2020-12-06,1100007463,12345677463,Ana,40901106,Ecodopplercardiograma Transtorácico
437,9348,2020-09-12,1100009348,12345679348,Lucas,40901114,Mamas
440,2353,2020-03-25,1100002353,12345672353,Patrícia,40808033,Mamografia Convencional Bilateral
441,4128,2020-05-12,1100004128,12345674128,Lucas,41101537,Angio-Rm Arterial de Crânio
442,3237,2020-07-18,1100003237,12345673237,Tatiana,40901122,Abdome Total (Inclui Pelve)
443,9698,2020-03-05,1100009698,12345679698,Gustavo,40901114,Mamas
444,2860,2020-01-08,1100002860,12345672860,João,40901122,Abdome Total (Inclui Pelve)
445,4054,2020-05-01,1100004054,12345674054,Vinícius,40901122,Abdome Total (Inclui Pelve)
452,1953,2020-02-19,1100001953,12345671953,Patrícia,41101308,Pé (Antepé) - Não Inclui Tornozelo
453,3811,2020-07-16,1100003811,12345673811,Cristina,40901122,Abdome Total (Inclui Pelve)
457,8460,2020-09-24,1100008460,12345678460,João,40901211,Estruturas Superficiais (Cervical Ou Axilas Ou Músculo Ou Tendão)
460,10151,2020-10-25,1100010151,123456710151,Cristina,40808041,Mamografia Digital Bilateral
462,7813,2020-06-16,1100007813,12345677813,Patrícia,40901106,Ecodopplercardiograma Transtorácico
463,4788,2020-11-15,1100004788,12345674788,Lucas,40901220,Articular (Por Articulação)
465,8045,2020-03-11,1100008045,12345678045,Mariana,40901106,Ecodopplercardiograma Transtorácico
466,1542,2020-03-04,1100001542,12345671542,José,40803139,Mãos E Punhos Para Idade Óssea
467,8938,2020-06-17,1100008938,12345678938,Gustavo,40901114,Mamas
468,5927,2020-09-14,1100005927,12345675927,Paula,41101014,Crânio (Encéfalo)
469,1410,2020-07-26,1100001410,12345671410,Fernando,40801128,Adenóides Ou Cavum
470,4640,2020-11-29,1100004640,12345674640,João,41101316,Articular (Por Articulação)
471,7766,2020-07-07,1100007766,12345677766,Carlos,40901106,Ecodopplercardiograma Transtorácico
472,14204,2020-09-26,1100014204,123456714204,Pedro,40901300,Transvaginal (Inclui Abdome Inferior Feminino)
473,1929,2020-04-12,1100001929,12345671929,Juliana,41001370,Angiotomografia Arterial De Crânio
474,15036,2020-12-03,1100015036,123456715036,Rodrigo,40805026,Tórax - 2 Incidências
476,14155,2020-08-20,1100014155,123456714155,Camila,40901300,Transvaginal (Inclui Abdome Inferior Feminino)
477,2371,2020-11-09,1100002371,12345672371,Cristina,41101359,Hidro-Rm (Colângio-Rm Ou Uro-Rm Ou Mielo-Rm Ou Sialo-Rm Ou Cistografia Por Rm)
478,12907,2020-03-03,1100012907,123456712907,Paula,41001079,Tc - Tórax
479,4182,2020-06-28,1100004182,12345674182,José,41101537,Angio-Rm Arterial de Crânio
480,3286,2020-12-07,1100003286,12345673286,Carlos,40901122,Abdome Total (Inclui Pelve)
481,4430,2020-03-08,1100004430,12345674430,Fernando,41101316,Articular (Por Articulação)
482,14181,2020-04-26,1100014181,123456714181,Maria,40901300,Transvaginal (Inclui Abdome Inferior Feminino)
483,3373,2020-01-21,1100003373,12345673373,Patrícia,40901122,Abdome Total (Inclui Pelve)
484,3760,2020-10-05,1100003760,12345673760,João,40901122,Abdome Total (Inclui Pelve)
485,15228,2020-06-10,1100015228,123456715228,Lucas,40901203,Órgãos Superficiais (Tireóide Ou Escroto Ou Pênis Ou Crânio)
486,14937,2020-01-19,1100014937,123456714937,Tatiana,40805026,Tórax - 2 Incidências
488,2490,2020-02-20,1100002490,12345672490,Fernando,40901467,Doppler Colorido Venoso De Membro Superior - Unilateral
493,15273,2020-05-01,1100015273,123456715273,Patrícia,40901203,Órgãos Superficiais (Tireóide Ou Escroto Ou Pênis Ou Crânio)
494,6842,2020-12-31,1100006842,12345676842,José,40901483,Doppler Colorido Venoso De Membro Inferior - Unilateral
496,1361,2020-11-14,1100001361,12345671361,Maria,40804054,Joelho
497,4500,2020-07-15,1100004500,12345674500,João,41101316,Articular (Por Articulação)
498,4111,2020-09-12,1100004111,12345674111,Cristina,41101537,Angio-Rm Arterial de Crânio
499,3381,2020-08-07,1100003381,12345673381,Maria,40901122,Abdome Total (Inclui Pelve)
501,10213,2020-01-21,1100010213,123456710213,Patrícia,40808041,Mamografia Digital Bilateral
502,10126,2020-04-23,1100010126,123456710126,Carlos,40808041,Mamografia Digital Bilateral
503,12872,2020-03-27,1100012872,123456712872,Rafael,41001079,Tc - Tórax
504,14379,2020-12-30,1100014379,123456714379,Isabela,40901300,Transvaginal (Inclui Abdome Inferior Feminino)
505,8869,2020-05-08,1100008869,12345678869,Juliana,40901114,Mamas
507,12664,2020-03-15,1100012664,123456712664,Pedro,41001079,Tc - Tórax
509,2866,2020-02-26,1100002866,12345672866,Carlos,40901122,Abdome Total (Inclui Pelve)
512,4308,2020-08-27,1100004308,12345674308,Lucas,40901769,"Aparelho Urinário  (Rins, Ureteres E Bexiga )"
514,12772,2020-01-17,1100012772,123456712772,Rafael,41001079,Tc - Tórax
517,6061,2020-10-25,1100006061,12345676061,Maria,40808130,Densitometria Óssea - 2 Segmentos (Coluna E Fêmur)
518,4285,2020-12-21,1100004285,12345674285,Mariana,40901769,"Aparelho Urinário  (Rins, Ureteres E Bexiga )"
519,4443,2020-01-19,1100004443,12345674443,Ana,41101316,Articular (Por Articulação)
520,14831,2020-01-28,1100014831,123456714831,Cristina,40805018,Tórax - 1 Incidência
521,4618,2020-03-12,1100004618,12345674618,Gustavo,41101316,Articular (Por Articulação)
522,5995,2020-11-15,1100005995,12345675995,Camila,41101014,Crânio (Encéfalo)
523,6736,2020-10-25,1100006736,12345676736,Rodrigo,40901483,Doppler Colorido Venoso De Membro Inferior - Unilateral
524,9637,2020-10-25,1100009637,12345679637,Tatiana,40901114,Mamas
527,14663,2020-12-08,1100014663,123456714663,Ana,40901300,Transvaginal (Inclui Abdome Inferior Feminino)
530,6706,2020-08-26,1100006706,12345676706,Carlos,40901483,Doppler Colorido Venoso De Membro Inferior - Unilateral
531,15007,2020-11-16,1100015007,123456715007,Paula,40805026,Tórax - 2 Incidências
533,7901,2020-01-21,1100007901,12345677901,Maria,40901106,Ecodopplercardiograma Transtorácico
534,1470,2020-01-23,1100001470,12345671470,Fernando,40803112,Punho
535,7532,2020-05-13,1100007532,12345677532,Rafael,40901106,Ecodopplercardiograma Transtorácico
536,3802,2020-04-18,1100003802,12345673802,José,40901122,Abdome Total (Inclui Pelve)
537,13140,2020-04-18,1100013140,123456713140,João,41001095,"Tc Abdome Total (Abdome Superior, Pelve E Retroperitônio)"
538,4340,2020-03-23,1100004340,12345674340,João,41101316,Articular (Por Articulação)
540,6746,2020-06-14,1100006746,12345676746,Carlos,40901483,Doppler Colorido Venoso De Membro Inferior - Unilateral
541,6169,2020-10-05,1100006169,12345676169,Juliana,40808130,Densitometria Óssea - 2 Segmentos (Coluna E Fêmur)
542,7510,2020-08-23,1100007510,12345677510,Fernando,40901106,Ecodopplercardiograma Transtorácico
545,7495,2020-01-21,1100007495,12345677495,Camila,40901106,Ecodopplercardiograma Transtorácico
546,7825,2020-01-28,1100007825,12345677825,Mariana,40901106,Ecodopplercardiograma Transtorácico
547,5614,2020-05-04,1100005614,12345675614,Vinícius,41101227,Coluna Cervical Ou Dorsal Ou Lombar
548,5531,2020-06-05,1100005531,12345675531,Cristina,41101227,Coluna Cervical Ou Dorsal Ou Lombar
551,14926,2020-09-02,1100014926,123456714926,Carlos,40805026,Tórax - 2 Incidências
552,3839,2020-09-08,1100003839,12345673839,Isabela,40901122,Abdome Total (Inclui Pelve)
553,12780,2020-02-14,1100012780,123456712780,João,41001079,Tc - Tórax
555,3986,2020-10-16,1100003986,12345673986,Carlos,40901122,Abdome Total (Inclui Pelve)
556,9501,2020-11-21,1100009501,12345679501,Maria,40901114,Mamas
557,3740,2020-12-13,1100003740,12345673740,João,40901122,Abdome Total (Inclui Pelve)
559,3852,2020-12-13,1100003852,12345673852,Rafael,40901122,Abdome Total (Inclui Pelve)
560,2551,2020-10-13,1100002551,12345672551,Cristina,41101170,"Abdome Superior (Fígado, Pâncreas, Baço, Rins, Supra-Renais, Retroperitônio)"
562,3279,2020-10-17,1100003279,12345673279,Isabela,40901122,Abdome Total (Inclui Pelve)
563,6818,2020-09-01,1100006818,12345676818,Gustavo,40901483,Doppler Colorido Venoso De Membro Inferior - Unilateral
564,1540,2020-11-06,1100001540,12345671540,João,40803139,Mãos E Punhos Para Idade Óssea
567,14154,2020-10-21,1100014154,123456714154,Vinícius,40901300,Transvaginal (Inclui Abdome Inferior Feminino)
570,8921,2020-01-14,1100008921,12345678921,Maria,40901114,Mamas
573,5980,2020-08-15,1100005980,12345675980,João,41101014,Crânio (Encéfalo)
574,14097,2020-06-20,1100014097,123456714097,Tatiana,40901300,Transvaginal (Inclui Abdome Inferior Feminino)
576,4358,2020-12-18,1100004358,12345674358,Gustavo,41101316,Articular (Por Articulação)
581,8051,2020-08-08,1100008051,12345678051,Cristina,40901106,Ecodopplercardiograma Transtorácico
582,7697,2020-12-26,1100007697,12345677697,Tatiana,40901106,Ecodopplercardiograma Transtorácico
585,14961,2020-02-28,1100014961,123456714961,Maria,40805026,Tórax - 2 Incidências
586,13047,2020-02-05,1100013047,123456713047,Paula,41001095,"Tc Abdome Total (Abdome Superior, Pelve E Retroperitônio)"
587,6055,2020-06-27,1100006055,12345676055,Camila,40808130,Densitometria Óssea - 2 Segmentos (Coluna E Fêmur)
589,4048,2020-11-05,1100004048,12345674048,Lucas,40901122,Abdome Total (Inclui Pelve)
590,9425,2020-09-24,1100009425,12345679425,Mariana,40901114,Mamas
591,8059,2020-01-16,1100008059,12345678059,Isabela,40901106,Ecodopplercardiograma Transtorácico
593,5824,2020-06-27,1100005824,12345675824,Pedro,41101014,Crânio (Encéfalo)
597,10568,2020-10-19,1100010568,123456710568,Lucas,41101189,Pelve (Não Inclui Articulações Coxofemorais)
598,4106,2020-08-23,1100004106,12345674106,Carlos,41101537,Angio-Rm Arterial de Crânio
599,5552,2020-05-29,1100005552,12345675552,Rafael,41101227,Coluna Cervical Ou Dorsal Ou Lombar
600,7744,2020-10-19,1100007744,12345677744,Pedro,40901106,Ecodopplercardiograma Transtorácico
601,15410,2020-01-09,1100015410,123456715410,Fernando,40901203,Órgãos Superficiais (Tireóide Ou Escroto Ou Pênis Ou Crânio)
602,3389,2020-11-23,1100003389,12345673389,Juliana,40901122,Abdome Total (Inclui Pelve)
603,2540,2020-09-16,1100002540,12345672540,João,41101170,"Abdome Superior (Fígado, Pâncreas, Baço, Rins, Supra-Renais, Retroperitônio)"
604,6817,2020-08-16,1100006817,12345676817,Tatiana,40901483,Doppler Colorido Venoso De Membro Inferior - Unilateral
605,3514,2020-10-20,1100003514,12345673514,Vinícius,40901122,Abdome Total (Inclui Pelve)
606,9128,2020-10-16,1100009128,12345679128,Lucas,40901114,Mamas
608,2225,2020-10-19,1100002225,12345672225,Mariana,40901181,"Abdome Inferior Feminino (Bexiga, Útero, Ovário E Anexos)"
609,14133,2020-07-01,1100014133,123456714133,Patrícia,40901300,Transvaginal (Inclui Abdome Inferior Feminino)
611,3137,2020-10-04,1100003137,12345673137,Tatiana,40901122,Abdome Total (Inclui Pelve)
613,9174,2020-02-08,1100009174,12345679174,Vinícius,40901114,Mamas
614,7861,2020-02-28,1100007861,12345677861,Maria,40901106,Ecodopplercardiograma Transtorácico
615,8413,2020-07-07,1100008413,12345678413,Patrícia,40901211,Estruturas Superficiais (Cervical Ou Axilas Ou Músculo Ou Tendão)
618,1768,2020-06-18,1100001768,12345671768,Lucas,41001036,Tc - Face Ou Seios Da Face
620,4776,2020-05-15,1100004776,12345674776,Rodrigo,40901220,Articular (Por Articulação)
622,8072,2020-01-07,1100008072,12345678072,Rafael,40901106,Ecodopplercardiograma Transtorácico
623,14744,2020-09-09,1100014744,123456714744,Pedro,40901300,Transvaginal (Inclui Abdome Inferior Feminino)
625,9542,2020-07-26,1100009542,12345679542,José,40901114,Mamas
626,6719,2020-05-24,1100006719,12345676719,Isabela,40901483,Doppler Colorido Venoso De Membro Inferior - Unilateral
631,9372,2020-09-09,1100009372,12345679372,Rafael,40901114,Mamas
632,14061,2020-05-07,1100014061,123456714061,Maria,40901300,Transvaginal (Inclui Abdome Inferior Feminino)
633,14819,2020-07-31,1100014819,123456714819,Isabela,40901300,Transvaginal (Inclui Abdome Inferior Feminino)
635,9407,2020-12-06,1100009407,12345679407,Paula,40901114,Mamas
636,1318,2020-01-13,1100001318,12345671318,Gustavo,40804097,Pé Ou Pododáctilo
638,7842,2020-03-25,1100007842,12345677842,José,40901106,Ecodopplercardiograma Transtorácico
639,15260,2020-12-02,1100015260,123456715260,João,40901203,Órgãos Superficiais (Tireóide Ou Escroto Ou Pênis Ou Crânio)
641,1341,2020-05-16,1100001341,12345671341,Maria,40804127,Panorâmica Dos Membros Inferiores
642,12952,2020-02-02,1100012952,123456712952,Rafael,41001079,Tc - Tórax
644,8814,2020-12-08,1100008814,12345678814,Vinícius,40901114,Mamas
645,7452,2020-08-03,1100007452,12345677452,Rafael,40901106,Ecodopplercardiograma Transtorácico
648,9453,2020-04-08,1100009453,12345679453,Patrícia,40901114,Mamas
649,5944,2020-08-29,1100005944,12345675944,Pedro,41101014,Crânio (Encéfalo)
651,8168,2020-01-23,1100008168,12345678168,Lucas,40901106,Ecodopplercardiograma Transtorácico
652,9250,2020-11-05,1100009250,12345679250,Fernando,40901114,Mamas
654,8167,2020-01-28,1100008167,12345678167,Paula,40901106,Ecodopplercardiograma Transtorácico
656,4876,2020-03-20,1100004876,12345674876,Rodrigo,40901220,Articular (Por Articulação)
657,1133,2020-02-07,1100001133,12345671133,Patrícia,40803090,Cotovelo
658,6200,2020-12-31,1100006200,12345676200,João,40808130,Densitometria Óssea - 2 Segmentos (Coluna E Fêmur)
659,14757,2020-01-25,1100014757,123456714757,Tatiana,40901300,Transvaginal (Inclui Abdome Inferior Feminino)
660,14630,2020-10-28,1100014630,123456714630,Fernando,40901300,Transvaginal (Inclui Abdome Inferior Feminino)
662,4161,2020-03-19,1100004161,12345674161,Maria,41101537,Angio-Rm Arterial de Crânio
665,10708,2020-02-29,1100010708,123456710708,Lucas,41101189,Pelve (Não Inclui Articulações Coxofemorais)
666,8958,2020-02-14,1100008958,12345678958,Gustavo,40901114,Mamas
668,8830,2020-08-29,1100008830,12345678830,Fernando,40901114,Mamas
669,14803,2020-05-22,1100014803,123456714803,Ana,40901300,Transvaginal (Inclui Abdome Inferior Feminino)
675,5467,2020-12-26,1100005467,12345675467,Paula,41101227,Coluna Cervical Ou Dorsal Ou Lombar
677,13046,2020-11-21,1100013046,123456713046,Carlos,41001095,"Tc Abdome Total (Abdome Superior, Pelve E Retroperitônio)"
680,15485,2020-08-20,1100015485,123456715485,Mariana,40901203,Órgãos Superficiais (Tireóide Ou Escroto Ou Pênis Ou Crânio)
681,13967,2020-10-13,1100013967,123456713967,Paula,40901300,Transvaginal (Inclui Abdome Inferior Feminino)
682,4331,2020-06-13,1100004331,12345674331,Cristina,40901769,"Aparelho Urinário  (Rins, Ureteres E Bexiga )"
683,8917,2020-11-02,1100008917,12345678917,Tatiana,40901114,Mamas
684,8232,2020-04-22,1100008232,12345678232,Rafael,40901106,Ecodopplercardiograma Transtorácico
685,4252,2020-06-17,1100004252,12345674252,Rafael,40901769,"Aparelho Urinário  (Rins, Ureteres E Bexiga )"
686,5594,2020-10-01,1100005594,12345675594,Vinícius,41101227,Coluna Cervical Ou Dorsal Ou Lombar
688,7633,2020-06-15,1100007633,12345677633,Patrícia,40901106,Ecodopplercardiograma Transtorácico
689,2715,2020-09-29,1100002715,12345672715,Camila,40901130,"Abdome Superior (Fígado, Vias Biliares, Vesícula, Pâncreas, Baço)"
690,14821,2020-07-27,1100014821,123456714821,Maria,40901300,Transvaginal (Inclui Abdome Inferior Feminino)
694,8102,2020-04-12,1100008102,12345678102,José,40901106,Ecodopplercardiograma Transtorácico
695,6510,2020-05-29,1100006510,12345676510,Fernando,40901360,Doppler Colorido De Vasos Cervicais Arteriais Bilateral (Carótidas E Vertebrais)
698,2617,2020-03-18,1100002617,12345672617,Tatiana,41101170,"Abdome Superior (Fígado, Pâncreas, Baço, Rins, Supra-Renais, Retroperitônio)"
701,15517,2020-08-28,1100015517,123456715517,Tatiana,40901203,Órgãos Superficiais (Tireóide Ou Escroto Ou Pênis Ou Crânio)
702,14921,2020-10-01,1100014921,123456714921,Maria,40805018,Tórax - 1 Incidência
703,12716,2020-07-06,1100012716,123456712716,Rodrigo,41001079,Tc - Tórax
706,1896,2020-08-20,1100001896,12345671896,Rodrigo,41001370,Angiotomografia Arterial De Crânio
707,12837,2020-12-21,1100012837,123456712837,Tatiana,41001079,Tc - Tórax
708,6422,2020-06-13,1100006422,12345676422,José,40901360,Doppler Colorido De Vasos Cervicais Arteriais Bilateral (Carótidas E Vertebrais)
712,4434,2020-03-16,1100004434,12345674434,Vinícius,41101316,Articular (Por Articulação)
713,5504,2020-11-07,1100005504,12345675504,Pedro,41101227,Coluna Cervical Ou Dorsal Ou Lombar
714,9101,2020-07-01,1100009101,12345679101,Maria,40901114,Mamas
715,2859,2020-11-21,1100002859,12345672859,Isabela,40901122,Abdome Total (Inclui Pelve)
716,14158,2020-10-29,1100014158,123456714158,Gustavo,40901300,Transvaginal (Inclui Abdome Inferior Feminino)
717,9500,2020-01-17,1100009500,12345679500,João,40901114,Mamas
719,5630,2020-02-29,1100005630,12345675630,Fernando,41101227,Coluna Cervical Ou Dorsal Ou Lombar
721,3419,2020-09-07,1100003419,12345673419,Isabela,40901122,Abdome Total (Inclui Pelve)
722,2521,2020-01-22,1100002521,12345672521,Maria,40808122,Densitometria Óssea (Um Segmento)
727,4135,2020-10-01,1100004135,12345674135,Camila,41101537,Angio-Rm Arterial de Crânio
728,13063,2020-10-27,1100013063,123456713063,Ana,41001095,"Tc Abdome Total (Abdome Superior, Pelve E Retroperitônio)"
729,3615,2020-03-01,1100003615,12345673615,Camila,40901122,Abdome Total (Inclui Pelve)
730,9790,2020-02-05,1100009790,12345679790,Fernando,40808041,Mamografia Digital Bilateral
731,15160,2020-08-29,1100015160,123456715160,João,40901750,US - Próstata (via abdominal)
732,6044,2020-05-16,1100006044,12345676044,Pedro,40808130,Densitometria Óssea - 2 Segmentos (Coluna E Fêmur)
735,2284,2020-08-26,1100002284,12345672284,Pedro,40901181,"Abdome Inferior Feminino (Bexiga, Útero, Ovário E Anexos)"
737,9383,2020-10-31,1100009383,12345679383,Ana,40901114,Mamas
739,1258,2020-04-05,1100001258,12345671258,Gustavo,40804070,Perna
740,7405,2020-05-27,1100007405,12345677405,Mariana,40901106,Ecodopplercardiograma Transtorácico
742,4222,2020-09-01,1100004222,12345674222,José,41101537,Angio-Rm Arterial de Crânio
746,6487,2020-01-30,1100006487,12345676487,Paula,40901360,Doppler Colorido De Vasos Cervicais Arteriais Bilateral (Carótidas E Vertebrais)
747,2269,2020-09-09,1100002269,12345672269,Juliana,40901181,"Abdome Inferior Feminino (Bexiga, Útero, Ovário E Anexos)"
749,7837,2020-10-20,1100007837,12345677837,Tatiana,40901106,Ecodopplercardiograma Transtorácico
750,6473,2020-12-06,1100006473,12345676473,Patrícia,40901360,Doppler Colorido De Vasos Cervicais Arteriais Bilateral (Carótidas E Vertebrais)
754,9502,2020-07-27,1100009502,12345679502,José,40901114,Mamas
755,7501,2020-09-05,1100007501,12345677501,Maria,40901106,Ecodopplercardiograma Transtorácico
757,7791,2020-01-05,1100007791,12345677791,Cristina,40901106,Ecodopplercardiograma Transtorácico
760,2510,2020-09-18,1100002510,12345672510,Fernando,40901394,Doppler Colorido De Aorta E Artérias Renais
763,4219,2020-09-16,1100004219,12345674219,Isabela,41101537,Angio-Rm Arterial de Crânio
764,5516,2020-12-13,1100005516,12345675516,Rodrigo,41101227,Coluna Cervical Ou Dorsal Ou Lombar
766,3518,2020-04-17,1100003518,12345673518,Gustavo,40901122,Abdome Total (Inclui Pelve)
768,6712,2020-05-18,1100006712,12345676712,Rafael,40901483,Doppler Colorido Venoso De Membro Inferior - Unilateral
769,15540,2020-12-11,1100015540,123456715540,João,40901203,Órgãos Superficiais (Tireóide Ou Escroto Ou Pênis Ou Crânio)
771,7755,2020-03-29,1100007755,12345677755,Camila,40901106,Ecodopplercardiograma Transtorácico
772,5889,2020-12-07,1100005889,12345675889,Juliana,41101014,Crânio (Encéfalo)
774,9695,2020-07-19,1100009695,12345679695,Camila,40901114,Mamas
775,3799,2020-08-20,1100003799,12345673799,Isabela,40901122,Abdome Total (Inclui Pelve)
778,15111,2020-09-03,1100015111,123456715111,Cristina,40901750,US - Próstata (via abdominal)
779,2278,2020-03-13,1100002278,12345672278,Gustavo,40901181,"Abdome Inferior Feminino (Bexiga, Útero, Ovário E Anexos)"
780,2106,2020-02-09,1100002106,12345672106,Carlos,40901173,"Abdome Inferior Masculino (Bexiga, Próstata E Vesículas Seminais)"
782,4609,2020-02-24,1100004609,12345674609,Juliana,41101316,Articular (Por Articulação)
784,15051,2020-06-02,1100015051,123456715051,Cristina,40805026,Tórax - 2 Incidências
785,4187,2020-11-07,1100004187,12345674187,Paula,41101537,Angio-Rm Arterial de Crânio
786,6545,2020-03-05,1100006545,12345676545,Mariana,40901360,Doppler Colorido De Vasos Cervicais Arteriais Bilateral (Carótidas E Vertebrais)
787,14781,2020-12-22,1100014781,123456714781,Maria,40901300,Transvaginal (Inclui Abdome Inferior Feminino)
789,3961,2020-01-07,1100003961,12345673961,Maria,40901122,Abdome Total (Inclui Pelve)
790,1578,2020-04-28,1100001578,12345671578,Gustavo,40804089,Articulação Tibiotársica (Tornozelo)
791,4663,2020-08-11,1100004663,12345674663,Ana,41101316,Articular (Por Articulação)
792,15561,2020-08-25,1100015561,123456715561,Maria,40901203,Órgãos Superficiais (Tireóide Ou Escroto Ou Pênis Ou Crânio)
793,8211,2020-02-16,1100008211,12345678211,Cristina,40901106,Ecodopplercardiograma Transtorácico
796,2072,2020-10-23,1100002072,12345672072,Rafael,41101545,Angio-RM venosa de Crânio
797,8756,2020-08-10,1100008756,12345678756,Rodrigo,40901114,Mamas
798,8125,2020-04-13,1100008125,12345678125,Mariana,40901106,Ecodopplercardiograma Transtorácico
800,9358,2020-10-01,1100009358,12345679358,Gustavo,40901114,Mamas
801,4855,2020-05-23,1100004855,12345674855,Camila,40901220,Articular (Por Articulação)
803,3830,2020-08-26,1100003830,12345673830,Fernando,40901122,Abdome Total (Inclui Pelve)
805,2764,2020-02-16,1100002764,12345672764,Pedro,40901130,"Abdome Superior (Fígado, Vias Biliares, Vesícula, Pâncreas, Baço)"
806,1889,2020-12-28,1100001889,12345671889,Juliana,41001125,Tc - Coluna Cervical Ou Dorsal Ou Lombar (Até 3 Segmentos)
808,13216,2020-08-28,1100013216,123456713216,Rodrigo,41001095,"Tc Abdome Total (Abdome Superior, Pelve E Retroperitônio)"
812,8130,2020-06-10,1100008130,12345678130,Fernando,40901106,Ecodopplercardiograma Transtorácico
815,15091,2020-09-05,1100015091,123456715091,Cristina,40901750,US - Próstata (via abdominal)
818,15528,2020-09-28,1100015528,123456715528,Lucas,40901203,Órgãos Superficiais (Tireóide Ou Escroto Ou Pênis Ou Crânio)
819,14221,2020-11-02,1100014221,123456714221,Maria,40901300,Transvaginal (Inclui Abdome Inferior Feminino)
821,15117,2020-07-06,1100015117,123456715117,Tatiana,40901750,US - Próstata (via abdominal)
822,2829,2020-08-27,1100002829,12345672829,Juliana,40901122,Abdome Total (Inclui Pelve)
823,14883,2020-11-16,1100014883,123456714883,Ana,40805018,Tórax - 1 Incidência
825,6787,2020-10-04,1100006787,12345676787,Paula,40901483,Doppler Colorido Venoso De Membro Inferior - Unilateral
826,10240,2020-09-21,1100010240,123456710240,João,40808041,Mamografia Digital Bilateral
830,3632,2020-09-30,1100003632,12345673632,Rafael,40901122,Abdome Total (Inclui Pelve)
832,3534,2020-12-24,1100003534,12345673534,Vinícius,40901122,Abdome Total (Inclui Pelve)
833,1327,2020-06-20,1100001327,12345671327,Paula,40804011,Bacia
834,14261,2020-02-06,1100014261,123456714261,Maria,40901300,Transvaginal (Inclui Abdome Inferior Feminino)
837,8441,2020-08-04,1100008441,12345678441,Maria,40901211,Estruturas Superficiais (Cervical Ou Axilas Ou Músculo Ou Tendão)
838,10618,2020-12-23,1100010618,123456710618,Gustavo,41101189,Pelve (Não Inclui Articulações Coxofemorais)
839,1573,2020-06-04,1100001573,12345671573,Patrícia,40803139,Mãos E Punhos Para Idade Óssea
842,6254,2020-02-11,1100006254,12345676254,Vinícius,40808130,Densitometria Óssea - 2 Segmentos (Coluna E Fêmur)
847,5673,2020-07-23,1100005673,12345675673,Patrícia,41101227,Coluna Cervical Ou Dorsal Ou Lombar
851,4406,2020-05-02,1100004406,12345674406,Carlos,41101316,Articular (Por Articulação)
852,1683,2020-05-01,1100001683,12345671683,Ana,40804011,Bacia
853,4098,2020-01-10,1100004098,12345674098,Gustavo,41101537,Angio-Rm Arterial de Crânio
855,6327,2020-12-12,1100006327,12345676327,Paula,40808130,Densitometria Óssea - 2 Segmentos (Coluna E Fêmur)
857,6332,2020-03-16,1100006332,12345676332,Rafael,40808130,Densitometria Óssea - 2 Segmentos (Coluna E Fêmur)
858,1320,2020-04-22,1100001320,12345671320,João,40804038,Articulação Coxofemoral (Quadril)
860,1943,2020-12-29,1100001943,12345671943,Ana,41101308,Pé (Antepé) - Não Inclui Tornozelo
861,2222,2020-12-19,1100002222,12345672222,José,40901181,"Abdome Inferior Feminino (Bexiga, Útero, Ovário E Anexos)"
862,3079,2020-03-08,1100003079,12345673079,Isabela,40901122,Abdome Total (Inclui Pelve)
864,15397,2020-12-04,1100015397,123456715397,Tatiana,40901203,Órgãos Superficiais (Tireóide Ou Escroto Ou Pênis Ou Crânio)
865,5885,2020-05-30,1100005885,12345675885,Mariana,41101014,Crânio (Encéfalo)
867,6269,2020-08-26,1100006269,12345676269,Juliana,40808130,Densitometria Óssea - 2 Segmentos (Coluna E Fêmur)
869,4102,2020-12-06,1100004102,12345674102,José,41101537,Angio-Rm Arterial de Crânio
871,6503,2020-05-08,1100006503,12345676503,Ana,40901360,Doppler Colorido De Vasos Cervicais Arteriais Bilateral (Carótidas E Vertebrais)
872,1921,2020-08-29,1100001921,12345671921,Maria,41001036,Tc - Face Ou Seios Da Face
873,9780,2020-05-21,1100009780,12345679780,João,40808041,Mamografia Digital Bilateral
874,14335,2020-02-22,1100014335,123456714335,Camila,40901300,Transvaginal (Inclui Abdome Inferior Feminino)
876,10105,2020-06-10,1100010105,123456710105,Mariana,40808041,Mamografia Digital Bilateral
877,2686,2020-10-31,1100002686,12345672686,Carlos,40901130,"Abdome Superior (Fígado, Vias Biliares, Vesícula, Pâncreas, Baço)"
878,5643,2020-11-20,1100005643,12345675643,Ana,41101227,Coluna Cervical Ou Dorsal Ou Lombar
881,2614,2020-02-13,1100002614,12345672614,Vinícius,41101170,"Abdome Superior (Fígado, Pâncreas, Baço, Rins, Supra-Renais, Retroperitônio)"
883,4053,2020-05-08,1100004053,12345674053,Patrícia,40901122,Abdome Total (Inclui Pelve)
884,14882,2020-09-26,1100014882,123456714882,José,40805018,Tórax - 1 Incidência
885,5786,2020-01-16,1100005786,12345675786,Carlos,41101014,Crânio (Encéfalo)
886,6290,2020-05-15,1100006290,12345676290,Fernando,40808130,Densitometria Óssea - 2 Segmentos (Coluna E Fêmur)
887,9859,2020-08-02,1100009859,12345679859,Isabela,40808041,Mamografia Digital Bilateral
890,6540,2020-02-12,1100006540,12345676540,João,40901360,Doppler Colorido De Vasos Cervicais Arteriais Bilateral (Carótidas E Vertebrais)
891,6372,2020-10-08,1100006372,12345676372,Rafael,40901360,Doppler Colorido De Vasos Cervicais Arteriais Bilateral (Carótidas E Vertebrais)
892,2256,2020-03-12,1100002256,12345672256,Rodrigo,40901181,"Abdome Inferior Feminino (Bexiga, Útero, Ovário E Anexos)"
894,14197,2020-09-19,1100014197,123456714197,Tatiana,40901300,Transvaginal (Inclui Abdome Inferior Feminino)
895,2879,2020-03-31,1100002879,12345672879,Isabela,40901122,Abdome Total (Inclui Pelve)
896,7507,2020-04-18,1100007507,12345677507,Paula,40901106,Ecodopplercardiograma Transtorácico
898,1786,2020-12-10,1100001786,12345671786,Carlos,41001117,Tc - Pelve Ou Bacia
899,2044,2020-04-26,1100002044,12345672044,Pedro,41101308,Pé (Antepé) - Não Inclui Tornozelo
900,8488,2020-01-13,1100008488,12345678488,Lucas,40901211,Estruturas Superficiais (Cervical Ou Axilas Ou Músculo Ou Tendão)
902,15492,2020-05-17,1100015492,123456715492,Rafael,40901203,Órgãos Superficiais (Tireóide Ou Escroto Ou Pênis Ou Crânio)
903,1352,2020-07-19,1100001352,12345671352,Rafael,40804127,Panorâmica Dos Membros Inferiores
907,1806,2020-08-21,1100001806,12345671806,Carlos,41001117,Tc - Pelve Ou Bacia
909,12721,2020-04-14,1100012721,123456712721,Maria,41001079,Tc - Tórax
910,1393,2020-03-05,1100001393,12345671393,Patrícia,40804089,Articulação Tibiotársica (Tornozelo)
911,9000,2020-08-10,1100009000,12345679000,João,40901114,Mamas
912,6389,2020-09-19,1100006389,12345676389,Juliana,40901360,Doppler Colorido De Vasos Cervicais Arteriais Bilateral (Carótidas E Vertebrais)
913,14839,2020-11-08,1100014839,123456714839,Isabela,40805018,Tórax - 1 Incidência
916,10136,2020-01-26,1100010136,123456710136,Rodrigo,40808041,Mamografia Digital Bilateral
917,13024,2020-03-05,1100013024,123456713024,Pedro,41001095,"Tc Abdome Total (Abdome Superior, Pelve E Retroperitônio)"
919,8845,2020-04-15,1100008845,12345678845,Mariana,40901114,Mamas
920,4486,2020-04-22,1100004486,12345674486,Carlos,41101316,Articular (Por Articulação)
922,3437,2020-08-05,1100003437,12345673437,Tatiana,40901122,Abdome Total (Inclui Pelve)
926,10053,2020-06-20,1100010053,123456710053,Patrícia,40808041,Mamografia Digital Bilateral
927,3911,2020-06-15,1100003911,12345673911,Cristina,40901122,Abdome Total (Inclui Pelve)
928,6596,2020-07-08,1100006596,12345676596,Rodrigo,40901483,Doppler Colorido Venoso De Membro Inferior - Unilateral
930,9215,2020-02-22,1100009215,12345679215,Camila,40901114,Mamas
931,14714,2020-08-10,1100014714,123456714714,Vinícius,40901300,Transvaginal (Inclui Abdome Inferior Feminino)
932,6591,2020-01-17,1100006591,12345676591,Cristina,40901483,Doppler Colorido Venoso De Membro Inferior - Unilateral
933,9479,2020-10-04,1100009479,12345679479,Isabela,40901114,Mamas
936,9033,2020-11-30,1100009033,12345679033,Patrícia,40901114,Mamas
938,7786,2020-08-06,1100007786,12345677786,Carlos,40901106,Ecodopplercardiograma Transtorácico
939,12930,2020-01-27,1100012930,123456712930,Fernando,41001079,Tc - Tórax
940,12879,2020-08-18,1100012879,123456712879,Isabela,41001079,Tc - Tórax
944,8815,2020-06-04,1100008815,12345678815,Camila,40901114,Mamas
946,9207,2020-05-12,1100009207,12345679207,Paula,40901114,Mamas
947,12771,2020-08-22,1100012771,123456712771,Cristina,41001079,Tc - Tórax
948,13930,2020-11-15,1100013930,123456713930,Fernando,40901300,Transvaginal (Inclui Abdome Inferior Feminino)
949,7433,2020-08-10,1100007433,12345677433,Patrícia,40901106,Ecodopplercardiograma Transtorácico
950,5497,2020-08-22,1100005497,12345675497,Tatiana,41101227,Coluna Cervical Ou Dorsal Ou Lombar
951,3773,2020-06-23,1100003773,12345673773,Patrícia,40901122,Abdome Total (Inclui Pelve)
953,15241,2020-07-25,1100015241,123456715241,Maria,40901203,Órgãos Superficiais (Tireóide Ou Escroto Ou Pênis Ou Crânio)
954,3697,2020-03-23,1100003697,12345673697,Tatiana,40901122,Abdome Total (Inclui Pelve)
959,14214,2020-01-05,1100014214,123456714214,Vinícius,40901300,Transvaginal (Inclui Abdome Inferior Feminino)
960,9313,2020-09-28,1100009313,12345679313,Patrícia,40901114,Mamas
962,12773,2020-10-09,1100012773,123456712773,Patrícia,41001079,Tc - Tórax
963,1231,2020-11-13,1100001231,12345671231,Cristina,40804070,Perna
964,14151,2020-01-30,1100014151,123456714151,Cristina,40901300,Transvaginal (Inclui Abdome Inferior Feminino)
966,8446,2020-07-23,1100008446,12345678446,Carlos,40901211,Estruturas Superficiais (Cervical Ou Axilas Ou Músculo Ou Tendão)
967,2602,2020-10-02,1100002602,12345672602,José,41101170,"Abdome Superior (Fígado, Pâncreas, Baço, Rins, Supra-Renais, Retroperitônio)"
968,3368,2020-10-20,1100003368,12345673368,Lucas,40901122,Abdome Total (Inclui Pelve)
969,14412,2020-04-21,1100014412,123456714412,Rafael,40901300,Transvaginal (Inclui Abdome Inferior Feminino)
971,1753,2020-04-27,1100001753,12345671753,Patrícia,41001036,Tc - Face Ou Seios Da Face
974,9327,2020-05-11,1100009327,12345679327,Paula,40901114,Mamas
975,1369,2020-06-18,1100001369,12345671369,Juliana,40803090,Cotovelo
979,7635,2020-10-07,1100007635,12345677635,Camila,40901106,Ecodopplercardiograma Transtorácico
981,13979,2020-12-02,1100013979,123456713979,Isabela,40901300,Transvaginal (Inclui Abdome Inferior Feminino)
982,10557,2020-08-21,1100010557,123456710557,Tatiana,41101189,Pelve (Não Inclui Articulações Coxofemorais)
983,3692,2020-12-28,1100003692,12345673692,Rafael,40901122,Abdome Total (Inclui Pelve)
985,10594,2020-12-19,1100010594,123456710594,Vinícius,41101189,Pelve (Não Inclui Articulações Coxofemorais)
986,9994,2020-06-06,1100009994,12345679994,Vinícius,40808041,Mamografia Digital Bilateral
987,10598,2020-07-05,1100010598,123456710598,Gustavo,41101189,Pelve (Não Inclui Articulações Coxofemorais)
988,4244,2020-12-19,1100004244,12345674244,Pedro,40901769,"Aparelho Urinário  (Rins, Ureteres E Bexiga )"
989,9282,2020-09-27,1100009282,12345679282,José,40901114,Mamas
990,14302,2020-10-25,1100014302,123456714302,José,40901300,Transvaginal (Inclui Abdome Inferior Feminino)
991,10170,2020-03-24,1100010170,123456710170,Fernando,40808041,Mamografia Digital Bilateral
992,8909,2020-12-27,1100008909,12345678909,Juliana,40901114,Mamas
993,2767,2020-08-23,1100002767,12345672767,Paula,40901130,"Abdome Superior (Fígado, Vias Biliares, Vesícula, Pâncreas, Baço)"
994,6724,2020-07-05,1100006724,12345676724,Pedro,40901483,Doppler Colorido Venoso De Membro Inferior - Unilateral
995,3543,2020-01-02,1100003543,12345673543,Ana,40901122,Abdome Total (Inclui Pelve)
997,14552,2020-12-30,1100014552,123456714552,Rafael,40901300,Transvaginal (Inclui Abdome Inferior Feminino)
1000,14104,2020-10-08,1100014104,123456714104,Pedro,40901300,Transvaginal (Inclui Abdome Inferior Feminino)
1001,4243,2020-08-19,1100004243,12345674243,Ana,40901769,"Aparelho Urinário  (Rins, Ureteres E Bexiga )"
1003,5947,2020-04-10,1100005947,12345675947,Paula,41101014,Crânio (Encéfalo)
1005,1915,2020-08-11,1100001915,12345671915,Camila,41001010,Tc- Crânio Ou Sela Túrsica Ou Órbitas
1008,6187,2020-06-30,1100006187,12345676187,Paula,40808130,Densitometria Óssea - 2 Segmentos (Coluna E Fêmur)
1010,7829,2020-02-11,1100007829,12345677829,Juliana,40901106,Ecodopplercardiograma Transtorácico
1012,2350,2020-02-17,1100002350,12345672350,Fernando,40808033,Mamografia Convencional Bilateral
1013,14563,2020-02-21,1100014563,123456714563,Ana,40901300,Transvaginal (Inclui Abdome Inferior Feminino)
1014,8269,2020-01-17,1100008269,12345678269,Juliana,40901106,Ecodopplercardiograma Transtorácico
1015,2596,2020-07-02,1100002596,12345672596,Rodrigo,41101170,"Abdome Superior (Fígado, Pâncreas, Baço, Rins, Supra-Renais, Retroperitônio)"
1018,6722,2020-02-03,1100006722,12345676722,José,40901483,Doppler Colorido Venoso De Membro Inferior - Unilateral
1019,9365,2020-01-01,1100009365,12345679365,Mariana,40901114,Mamas
1021,6194,2020-08-24,1100006194,12345676194,Vinícius,40808130,Densitometria Óssea - 2 Segmentos (Coluna E Fêmur)
1023,6579,2020-04-06,1100006579,12345676579,Isabela,40901483,Doppler Colorido Venoso De Membro Inferior - Unilateral
1024,8525,2020-09-07,1100008525,12345678525,Mariana,40901211,Estruturas Superficiais (Cervical Ou Axilas Ou Músculo Ou Tendão)
1026,4164,2020-03-05,1100004164,12345674164,Pedro,41101537,Angio-Rm Arterial de Crânio
1027,7873,2020-08-03,1100007873,12345677873,Patrícia,40901106,Ecodopplercardiograma Transtorácico
1028,15171,2020-09-29,1100015171,123456715171,Cristina,40901750,US - Próstata (via abdominal)
1029,7439,2020-10-06,1100007439,12345677439,Isabela,40901106,Ecodopplercardiograma Transtorácico
1031,4398,2020-08-15,1100004398,12345674398,Gustavo,41101316,Articular (Por Articulação)
1032,3934,2020-03-04,1100003934,12345673934,Vinícius,40901122,Abdome Total (Inclui Pelve)
1034,7889,2020-02-13,1100007889,12345677889,Juliana,40901106,Ecodopplercardiograma Transtorácico
1035,1912,2020-02-22,1100001912,12345671912,Rafael,41001010,Tc- Crânio Ou Sela Túrsica Ou Órbitas
1036,15484,2020-02-27,1100015484,123456715484,Pedro,40901203,Órgãos Superficiais (Tireóide Ou Escroto Ou Pênis Ou Crânio)
1037,4853,2020-03-04,1100004853,12345674853,Patrícia,40901220,Articular (Por Articulação)
1038,14773,2020-11-14,1100014773,123456714773,Patrícia,40901300,Transvaginal (Inclui Abdome Inferior Feminino)
1039,14161,2020-01-06,1100014161,123456714161,Maria,40901300,Transvaginal (Inclui Abdome Inferior Feminino)
1043,10023,2020-11-13,1100010023,123456710023,Ana,40808041,Mamografia Digital Bilateral
1044,7985,2020-04-01,1100007985,12345677985,Mariana,40901106,Ecodopplercardiograma Transtorácico
1045,15441,2020-07-21,1100015441,123456715441,Maria,40901203,Órgãos Superficiais (Tireóide Ou Escroto Ou Pênis Ou Crânio)
1046,15458,2020-04-14,1100015458,123456715458,Gustavo,40901203,Órgãos Superficiais (Tireóide Ou Escroto Ou Pênis Ou Crânio)
1047,3325,2020-08-30,1100003325,12345673325,Mariana,40901122,Abdome Total (Inclui Pelve)
1048,7768,2020-12-06,1100007768,12345677768,Lucas,40901106,Ecodopplercardiograma Transtorácico
1050,2724,2020-08-29,1100002724,12345672724,Pedro,40901130,"Abdome Superior (Fígado, Vias Biliares, Vesícula, Pâncreas, Baço)"
1051,4836,2020-11-20,1100004836,12345674836,Rodrigo,40901220,Articular (Por Articulação)
1052,1147,2020-08-21,1100001147,12345671147,Paula,40804097,Pé Ou Pododáctilo
1053,8213,2020-12-03,1100008213,12345678213,Patrícia,40901106,Ecodopplercardiograma Transtorácico
1056,4410,2020-12-05,1100004410,12345674410,Fernando,41101316,Articular (Por Articulação)
1057,14424,2020-05-26,1100014424,123456714424,Pedro,40901300,Transvaginal (Inclui Abdome Inferior Feminino)
1058,2559,2020-10-26,1100002559,12345672559,Isabela,41101170,"Abdome Superior (Fígado, Pâncreas, Baço, Rins, Supra-Renais, Retroperitônio)"
1059,1898,2020-07-26,1100001898,12345671898,Gustavo,41001010,Tc- Crânio Ou Sela Túrsica Ou Órbitas
1061,4374,2020-12-29,1100004374,12345674374,Vinícius,41101316,Articular (Por Articulação)
1062,2730,2020-09-28,1100002730,12345672730,Fernando,40901130,"Abdome Superior (Fígado, Vias Biliares, Vesícula, Pâncreas, Baço)"
1063,3250,2020-11-06,1100003250,12345673250,Fernando,40901122,Abdome Total (Inclui Pelve)
1069,9806,2020-01-24,1100009806,12345679806,Carlos,40808041,Mamografia Digital Bilateral
1072,1789,2020-12-21,1100001789,12345671789,Juliana,41001010,Tc- Crânio Ou Sela Túrsica Ou Órbitas
1073,14044,2020-11-05,1100014044,123456714044,Pedro,40901300,Transvaginal (Inclui Abdome Inferior Feminino)
1074,5825,2020-11-17,1100005825,12345675825,Mariana,41101014,Crânio (Encéfalo)
1075,3946,2020-12-26,1100003946,12345673946,Carlos,40901122,Abdome Total (Inclui Pelve)
1076,12916,2020-04-28,1100012916,123456712916,Rodrigo,41001079,Tc - Tórax
1078,14350,2020-10-31,1100014350,123456714350,Fernando,40901300,Transvaginal (Inclui Abdome Inferior Feminino)
1079,4469,2020-02-17,1100004469,12345674469,Juliana,41101316,Articular (Por Articulação)
1081,8944,2020-05-28,1100008944,12345678944,Pedro,40901114,Mamas
1083,10021,2020-04-29,1100010021,123456710021,Maria,40808041,Mamografia Digital Bilateral
1086,7875,2020-07-19,1100007875,12345677875,Camila,40901106,Ecodopplercardiograma Transtorácico
1087,3515,2020-01-20,1100003515,12345673515,Camila,40901122,Abdome Total (Inclui Pelve)
1088,14904,2020-01-12,1100014904,123456714904,Pedro,40805018,Tórax - 1 Incidência
1089,14059,2020-03-27,1100014059,123456714059,Isabela,40901300,Transvaginal (Inclui Abdome Inferior Feminino)
1090,8048,2020-12-24,1100008048,12345678048,Lucas,40901106,Ecodopplercardiograma Transtorácico
1091,15389,2020-11-24,1100015389,123456715389,Juliana,40901203,Órgãos Superficiais (Tireóide Ou Escroto Ou Pênis Ou Crânio)
1092,4775,2020-05-14,1100004775,12345674775,Camila,40901220,Articular (Por Articulação)
1093,2047,2020-12-10,1100002047,12345672047,Paula,41101260,Mão (Não Inclui Punho)
1095,12892,2020-12-29,1100012892,123456712892,Rafael,41001079,Tc - Tórax
1097,4436,2020-05-01,1100004436,12345674436,Rodrigo,41101316,Articular (Por Articulação)
1098,9252,2020-11-17,1100009252,12345679252,Rafael,40901114,Mamas
1101,2366,2020-03-04,1100002366,12345672366,Carlos,41101359,Hidro-Rm (Colângio-Rm Ou Uro-Rm Ou Mielo-Rm Ou Sialo-Rm Ou Cistografia Por Rm)
1102,7891,2020-07-20,1100007891,12345677891,Cristina,40901106,Ecodopplercardiograma Transtorácico
1104,3281,2020-09-07,1100003281,12345673281,Maria,40901122,Abdome Total (Inclui Pelve)
1108,3749,2020-02-11,1100003749,12345673749,Juliana,40901122,Abdome Total (Inclui Pelve)
1110,9551,2020-10-01,1100009551,12345679551,Cristina,40901114,Mamas
1112,5723,2020-11-21,1100005723,12345675723,Ana,41101227,Coluna Cervical Ou Dorsal Ou Lombar
1113,15491,2020-09-08,1100015491,123456715491,Cristina,40901203,Órgãos Superficiais (Tireóide Ou Escroto Ou Pênis Ou Crânio)
1114,3676,2020-04-23,1100003676,12345673676,Rodrigo,40901122,Abdome Total (Inclui Pelve)
1115,6042,2020-05-31,1100006042,12345676042,José,40808130,Densitometria Óssea - 2 Segmentos (Coluna E Fêmur)
1117,1340,2020-08-12,1100001340,12345671340,João,40804127,Panorâmica Dos Membros Inferiores
1118,14066,2020-06-05,1100014066,123456714066,Carlos,40901300,Transvaginal (Inclui Abdome Inferior Feminino)
1124,9133,2020-09-23,1100009133,12345679133,Patrícia,40901114,Mamas
1125,3442,2020-12-22,1100003442,12345673442,José,40901122,Abdome Total (Inclui Pelve)
1126,6006,2020-11-29,1100006006,12345676006,Carlos,41101014,Crânio (Encéfalo)
1127,9611,2020-01-18,1100009611,12345679611,Cristina,40901114,Mamas
1129,4683,2020-06-24,1100004683,12345674683,Ana,41101316,Articular (Por Articulação)
1131,14251,2020-02-24,1100014251,123456714251,Cristina,40901300,Transvaginal (Inclui Abdome Inferior Feminino)
1133,1947,2020-09-24,1100001947,12345671947,Paula,41101308,Pé (Antepé) - Não Inclui Tornozelo
1134,5584,2020-01-26,1100005584,12345675584,Pedro,41101227,Coluna Cervical Ou Dorsal Ou Lombar
1138,3883,2020-02-03,1100003883,12345673883,Ana,40901122,Abdome Total (Inclui Pelve)
1140,9697,2020-05-06,1100009697,12345679697,Tatiana,40901114,Mamas
1141,6772,2020-11-05,1100006772,12345676772,Rafael,40901483,Doppler Colorido Venoso De Membro Inferior - Unilateral
1142,14145,2020-12-31,1100014145,123456714145,Mariana,40901300,Transvaginal (Inclui Abdome Inferior Feminino)
1143,8426,2020-09-06,1100008426,12345678426,Carlos,40901211,Estruturas Superficiais (Cervical Ou Axilas Ou Músculo Ou Tendão)
1144,9534,2020-02-28,1100009534,12345679534,Vinícius,40901114,Mamas
1147,9632,2020-05-08,1100009632,12345679632,Rafael,40901114,Mamas
1148,9391,2020-10-11,1100009391,12345679391,Cristina,40901114,Mamas
1150,3405,2020-03-11,1100003405,12345673405,Mariana,40901122,Abdome Total (Inclui Pelve)
1151,9885,2020-04-03,1100009885,12345679885,Mariana,40808041,Mamografia Digital Bilateral
1152,13111,2020-11-15,1100013111,123456713111,Cristina,41001095,"Tc Abdome Total (Abdome Superior, Pelve E Retroperitônio)"
1154,10173,2020-08-15,1100010173,123456710173,Patrícia,40808041,Mamografia Digital Bilateral
1156,4843,2020-11-20,1100004843,12345674843,Ana,40901220,Articular (Por Articulação)
1160,14410,2020-03-19,1100014410,123456714410,Fernando,40901300,Transvaginal (Inclui Abdome Inferior Feminino)
1161,8989,2020-11-29,1100008989,12345678989,Juliana,40901114,Mamas
1162,3254,2020-04-14,1100003254,12345673254,Vinícius,40901122,Abdome Total (Inclui Pelve)
1165,9758,2020-11-13,1100009758,12345679758,Gustavo,40808041,Mamografia Digital Bilateral
1169,10640,2020-04-10,1100010640,123456710640,João,41101189,Pelve (Não Inclui Articulações Coxofemorais)
1172,5800,2020-09-27,1100005800,12345675800,João,41101014,Crânio (Encéfalo)
1177,4226,2020-02-08,1100004226,12345674226,Carlos,41101537,Angio-Rm Arterial de Crânio
1178,9040,2020-04-26,1100009040,12345679040,João,40901114,Mamas
1179,1329,2020-04-12,1100001329,12345671329,Juliana,40804038,Articulação Coxofemoral (Quadril)
1181,5886,2020-01-09,1100005886,12345675886,Carlos,41101014,Crânio (Encéfalo)
1182,9547,2020-07-19,1100009547,12345679547,Paula,40901114,Mamas
1183,4329,2020-06-20,1100004329,12345674329,Juliana,40901769,"Aparelho Urinário  (Rins, Ureteres E Bexiga )"
1184,2881,2020-09-10,1100002881,12345672881,Maria,40901122,Abdome Total (Inclui Pelve)
1187,9614,2020-08-28,1100009614,12345679614,Vinícius,40901114,Mamas
1188,14171,2020-05-23,1100014171,123456714171,Cristina,40901300,Transvaginal (Inclui Abdome Inferior Feminino)
1189,14513,2020-01-10,1100014513,123456714513,Patrícia,40901300,Transvaginal (Inclui Abdome Inferior Feminino)
1190,9911,2020-07-19,1100009911,12345679911,Cristina,40808041,Mamografia Digital Bilateral
1191,15041,2020-11-09,1100015041,123456715041,Maria,40805026,Tórax - 2 Incidências
1193,3112,2020-06-11,1100003112,12345673112,Rafael,40901122,Abdome Total (Inclui Pelve)
1194,13987,2020-07-02,1100013987,123456713987,Paula,40901300,Transvaginal (Inclui Abdome Inferior Feminino)
1195,1817,2020-05-28,1100001817,12345671817,Tatiana,41001010,Tc- Crânio Ou Sela Túrsica Ou Órbitas
1196,7890,2020-11-02,1100007890,12345677890,Fernando,40901106,Ecodopplercardiograma Transtorácico
1198,8020,2020-10-14,1100008020,12345678020,João,40901106,Ecodopplercardiograma Transtorácico
1200,12966,2020-11-11,1100012966,123456712966,Carlos,41001079,Tc - Tórax
1201,14466,2020-06-25,1100014466,123456714466,Carlos,40901300,Transvaginal (Inclui Abdome Inferior Feminino)
1203,9663,2020-08-07,1100009663,12345679663,Ana,40901114,Mamas
1204,1502,2020-03-27,1100001502,12345671502,José,40804011,Bacia
1205,2276,2020-08-05,1100002276,12345672276,Rodrigo,40901190,Dermatológico - Pele E Subcutâneo
1206,4385,2020-04-26,1100004385,12345674385,Mariana,41101316,Articular (Por Articulação)
1207,10057,2020-01-25,1100010057,123456710057,Tatiana,40808041,Mamografia Digital Bilateral
1209,5439,2020-03-21,1100005439,12345675439,Isabela,41101227,Coluna Cervical Ou Dorsal Ou Lombar
1213,10616,2020-05-02,1100010616,123456710616,Rodrigo,41101189,Pelve (Não Inclui Articulações Coxofemorais)
1214,8501,2020-03-14,1100008501,12345678501,Maria,40901211,Estruturas Superficiais (Cervical Ou Axilas Ou Músculo Ou Tendão)
1215,1171,2020-11-30,1100001171,12345671171,Cristina,40804097,Pé Ou Pododáctilo
1218,7699,2020-06-20,1100007699,12345677699,Isabela,40901106,Ecodopplercardiograma Transtorácico
1219,13033,2020-06-29,1100013033,123456713033,Patrícia,41001095,"Tc Abdome Total (Abdome Superior, Pelve E Retroperitônio)"
1220,1615,2020-01-11,1100001615,12345671615,Camila,40804127,Panorâmica Dos Membros Inferiores
1221,15004,2020-07-19,1100015004,123456715004,Pedro,40805026,Tórax - 2 Incidências
1222,14034,2020-03-28,1100014034,123456714034,Vinícius,40901300,Transvaginal (Inclui Abdome Inferior Feminino)
1223,5501,2020-06-17,1100005501,12345675501,Maria,41101227,Coluna Cervical Ou Dorsal Ou Lombar
1224,12706,2020-07-15,1100012706,123456712706,Carlos,41001079,Tc - Tórax
1226,3874,2020-01-28,1100003874,12345673874,Vinícius,40901122,Abdome Total (Inclui Pelve)
1228,6715,2020-08-30,1100006715,12345676715,Camila,40901483,Doppler Colorido Venoso De Membro Inferior - Unilateral
1229,9888,2020-05-23,1100009888,12345679888,Lucas,40808041,Mamografia Digital Bilateral
1231,12813,2020-07-29,1100012813,123456712813,Patrícia,41001079,Tc - Tórax
1233,7882,2020-12-09,1100007882,12345677882,José,40901106,Ecodopplercardiograma Transtorácico
1234,13949,2020-05-27,1100013949,123456713949,Juliana,40901300,Transvaginal (Inclui Abdome Inferior Feminino)
1236,2111,2020-07-06,1100002111,12345672111,Cristina,40901173,"Abdome Inferior Masculino (Bexiga, Próstata E Vesículas Seminais)"
1237,9482,2020-04-26,1100009482,12345679482,José,40901114,Mamas
1238,1672,2020-01-25,1100001672,12345671672,Rafael,40802019,Coluna Cervical - 3 Incidências
1239,8516,2020-10-23,1100008516,12345678516,Rodrigo,40901211,Estruturas Superficiais (Cervical Ou Axilas Ou Músculo Ou Tendão)
1240,5509,2020-03-17,1100005509,12345675509,Juliana,41101227,Coluna Cervical Ou Dorsal Ou Lombar
1245,3150,2020-05-09,1100003150,12345673150,Fernando,40901122,Abdome Total (Inclui Pelve)
1247,4472,2020-07-19,1100004472,12345674472,Rafael,41101316,Articular (Por Articulação)
1248,14737,2020-05-23,1100014737,123456714737,Tatiana,40901300,Transvaginal (Inclui Abdome Inferior Feminino)
1249,4227,2020-07-13,1100004227,12345674227,Paula,41101537,Angio-Rm Arterial de Crânio
1250,12676,2020-01-17,1100012676,123456712676,Rodrigo,41001079,Tc - Tórax
1251,3851,2020-03-28,1100003851,12345673851,Cristina,40901122,Abdome Total (Inclui Pelve)
1252,15071,2020-03-21,1100015071,123456715071,Cristina,40805026,Tórax - 2 Incidências
